MATCH_DE,BASE_YEAR,BASE_MT,BASE_DAY,GRP_NM,LEA_NM,HOME_TEAM_NM,AWAY_TEAM_NM,STDM_NM,SPORTS_VIEWNG_NMPR_CO,COLCT_DE,UPDT_DE
20250505,2025,05,05,KBL,챔피언결정전,SK,LG,잠실학생체육관,0.00000,20250716,20250716
20250507,2025,05,07,KBL,챔피언결정전,SK,LG,잠실학생체육관,0.00000,20250716,20250716
20250509,2025,05,09,KBL,챔피언결정전,LG,SK,창원체육관,0.00000,20250716,20250716
20250511,2025,05,11,KBL,챔피언결정전,LG,SK,창원체육관,0.00000,20250716,20250716
20250513,2025,05,13,KBL,챔피언결정전,SK,LG,잠실학생체육관,0.00000,20250716,20250716
20250515,2025,05,15,KBL,챔피언결정전,LG,SK,창원체육관,0.00000,20250716,20250716
20250517,2025,05,17,KBL,챔피언결정전,SK,LG,잠실학생체육관,0.00000,20250716,20250716
